id,profit
6701,8.914717
6702,42.217384
6703,5.0823765
6704,3.8702488
6705,32.473236
6706,59.948483
6707,9.460836
6708,6.304617
6709,7.9883766
6710,-2.4152393
6711,-28.185276
6712,10.381462
6713,48.66207
6714,18.340366
6715,8.277584
6716,9.200504
6717,11.76729
6718,63.11402
6719,22.418152
6720,9.200504
6721,13.238768
6722,12.006975
6723,19.814838
6724,6.2633343
6725,5.6895504
6726,5.5507507
6727,26.578983
6728,-50.71854
6729,3.6240063
6730,311.61008
6731,3.8702488
6732,6.798424
6733,5.0823765
6734,-0.72385037
6735,44.351032
6736,3.8702488
6737,-3.1169357
6738,5.0823765
6739,20.896255
6740,991.5918
6741,3.8702488
6742,14.18699
6743,-30.468025
6744,44.434116
6745,72.36741
6746,13.238768
6747,118.437256
6748,149.70233
6749,-13.604767
6750,5.0823765
6751,2.2693481
6752,40.996056
6753,5.0823765
6754,6.2633343
6755,37.587814
6756,67.2894
6757,-39.169888
6758,-14.187283
6759,-151.79494
6760,-4.404873
6761,6.2633343
6762,18.0306
6763,749.14496
6764,5.0823765
6765,6.4370327
6766,22.418152
6767,-10.069153
6768,20.662516
6769,-0.110117055
6770,16.4598
6771,5.0823765
6772,194.69785
6773,-222.02422
6774,1148.1659
6775,-18.240253
6776,-12.985329
6777,-155.88748
6778,7.0654545
6779,5.0823765
6780,50.902702
6781,37.94248
6782,9.342913
6783,7.0654545
6784,12.554253
6785,-7.639614
6786,9.342913
6787,149.70233
6788,9.200504
6789,-5.0908318
6790,-95.39574
6791,-32.073647
6792,-11.178528
6793,-16.79419
6794,-22.135475
6795,18.977697
6796,13.238768
6797,3.8702488
6798,-901.7979
6799,7.6491623
6800,6.7584534
6801,331.7443
6802,7.703802
6803,7.970581
6804,-46.16512
6805,9.342913
6806,12.026638
6807,-10.069153
6808,10.265909
6809,3004.5754
6810,65.66404
6811,24.920002
6812,3.8702488
6813,-84.61664
6814,6.4370327
6815,7.7695236
6816,54.892056
6817,6.798424
6818,10.55504
6819,-0.31812677
6820,16.798807
6821,5.0823765
6822,67.2894
6823,132.01427
6824,44.168022
6825,8.764769
6826,30.029572
6827,-2.290985
6828,6.557394
6829,3.8702488
6830,18.340366
6831,-10.069153
6832,-10.069153
6833,67.65512
6834,0.42639342
6835,22.517485
6836,10.553751
6837,5.0823765
6838,5.0823765
6839,37.775993
6840,5.0823765
6841,5.0823765
6842,7.970581
6843,15.399119
6844,25.608135
6845,6.2633343
6846,30.029572
6847,6.2633343
6848,-59.91094
6849,6.798424
6850,-20.520859
6851,-10.069153
6852,-149.73865
6853,44.67041
6854,30.029572
6855,-34.007954
6856,27.12249
6857,10.55504
6858,20.88479
6859,3.8702488
6860,-232.91063
6861,6.4370327
6862,45.283394
6863,12.710016
6864,-4.640232
6865,-14.187283
6866,6.798424
6867,9.200504
6868,14.35034
6869,32.810524
6870,30.841623
6871,115.12733
6872,99.90455
6873,85.14201
6874,110.99494
6875,27.964813
6876,6.4370327
6877,6.7950897
6878,-10.069153
6879,205.74638
6880,34.88045
6881,-10.069153
6882,14.18699
6883,5.0823765
6884,18.0306
6885,9.342913
6886,-212.09729
6887,13.689128
6888,6.557394
6889,4.9804974
6890,5.3427086
6891,401.6876
6892,-40.165768
6893,6.7950897
6894,72.36687
6895,43.293755
6896,568.94604
6897,3.8702488
6898,-403.49008
6899,12.006975
6900,100.511795
6901,-15.296658
6902,19.53409
6903,29.58461
6904,70.9475
6905,-10.069153
6906,-10.069153
6907,75.8316
6908,10.5551605
6909,67.2894
6910,15.399119
6911,19.814838
6912,30.841623
6913,5.0512047
6914,21.537378
6915,-20.520859
6916,-4.640232
6917,1.3966197
6918,15.138711
6919,5.586294
6920,-450.46964
6921,3.8702488
6922,14.35034
6923,6.2633343
6924,95.65942
6925,18.0306
6926,30.841623
6927,10.421705
6928,5.0823765
6929,37.775993
6930,235.40193
6931,5.0823765
6932,23.09517
6933,6.1016884
6934,16.625183
6935,20.88479
6936,8.432812
6937,-19.489372
6938,7.970581
6939,51.863422
6940,16.51009
6941,-14.187283
6942,9.1693325
6943,101.81173
6944,12.710016
6945,12.026638
6946,12.554253
6947,6.557394
6948,10.5551605
6949,6.2633343
6950,7.970581
6951,51.863422
6952,67.2894
6953,-1.6354581
6954,12.710016
6955,29.160568
6956,-3.225788
6957,6.2633343
6958,4125.6514
6959,99.90455
6960,8.914717
6961,20.160107
6962,149.70233
6963,34.328068
6964,43.308865
6965,-3.1169357
6966,50.42514
6967,59.948483
6968,7.9883766
6969,54.799747
6970,10.421705
6971,7.9883766
6972,15.399119
6973,534.9169
6974,-63.93501
6975,-260.1098
6976,5.0512047
6977,25.608135
6978,63.11402
6979,6.2633343
6980,12.410151
6981,30.841623
6982,11.017271
6983,7.9883766
6984,77.37217
6985,37.775993
6986,67.2894
6987,7.9883766
6988,29.20408
6989,11.804661
6990,9.1693325
6991,115.12733
6992,5.0823765
6993,5.0823765
6994,77.10587
6995,72.36741
6996,26.688524
6997,16.533775
6998,80.60188
6999,118.437256
7000,6.798424
7001,109.610435
7002,150.24321
7003,67.2894
7004,385.9255
7005,10.55504
7006,130.41547
7007,14.35034
7008,10.421705
7009,141.9501
7010,7.970581
7011,5.873722
7012,143.19733
7013,-10.069153
7014,-0.110117055
7015,5.0823765
7016,30.029572
7017,8.277584
7018,32.427372
7019,10.55504
7020,200.14745
7021,32.134842
7022,27.964813
7023,19.181072
7024,200.14745
7025,-16.79419
7026,22.418152
7027,1371.9637
7028,31.30746
7029,-57.55724
7030,5.3427086
7031,-35.677578
7032,15.507545
7033,-51.581013
7034,7.702589
7035,88.129814
7036,5.586294
7037,8.914717
7038,5.0823765
7039,3.3067398
7040,7.742012
7041,7.6491623
7042,19.181072
7043,19.181072
7044,5.0823765
7045,23.09517
7046,938.4773
7047,-28.3502
7048,21.537378
7049,-1.5302564
7050,3.8702488
7051,21.138048
7052,47.39895
7053,6.798424
7054,5.0823765
7055,11.76729
7056,51.863422
7057,51.08774
7058,10.421705
7059,-125.549194
7060,-40.165768
7061,-180.54634
7062,-14.187283
7063,40.60168
7064,5.586294
7065,87.32803
7066,80.02638
7067,108.59211
7068,14.35034
7069,23.440678
7070,7.9883766
7071,0.42639342
7072,8.914717
7073,5.0823765
7074,124.192
7075,21.775707
7076,3.8702488
7077,19.662245
7078,12.026638
7079,9.1693325
7080,36.11387
7081,204.56487
7082,8.432812
7083,53.950615
7084,5.0823765
7085,67.2894
7086,150.24321
7087,10.5551605
7088,3.8702488
7089,-14.187283
7090,3.8702488
7091,18.39762
7092,9.342913
7093,11.76729
7094,32.850513
7095,1.0572203
7096,-13.604767
7097,20.314537
7098,171.10655
7099,19.181072
7100,23.94206
7101,109.54389
7102,31.211653
7103,3.8702488
7104,31.042358
7105,-10.069153
7106,23.440678
7107,62.254562
7108,7.0654545
7109,37.775993
7110,400.30692
7111,14.695498
7112,10.265909
7113,5.0823765
7114,9.976896
7115,26.248165
7116,-70.880806
7117,3.8702488
7118,-3.1169357
7119,9.376947
7120,5.0823765
7121,40.259216
7122,-20.520859
7123,-12.985329
7124,-11.178528
7125,3.8702488
7126,9.342913
7127,6.798424
7128,-2.0581646
7129,77.37217
7130,-84.61664
7131,-16.564213
7132,10.592531
7133,-10.069153
7134,26.981625
7135,-4.437916
7136,38.331963
7137,87.32803
7138,24.100306
7139,48.74242
7140,7.9883766
7141,8.111393
7142,40.60168
7143,7.9883766
7144,19.181072
7145,23.440678
7146,5.0823765
7147,19.181072
7148,-2.0581646
7149,-16.79419
7150,9.342913
7151,7.9883766
7152,81.57871
7153,15.684863
7154,155.03584
7155,37.775993
7156,14.35034
7157,-151.79494
7158,351.8456
7159,-11.178528
7160,-53.638927
7161,-2.4455585
7162,20.896255
7163,10.55504
7164,22.517485
7165,32.473236
7166,23.649944
7167,139.86513
7168,-161.12372
7169,23.09517
7170,8.750494
7171,5.586294
7172,-26.83767
7173,22.215837
7174,6.4370327
7175,256.3626
7176,3.8702488
7177,67.2894
7178,35.231148
7179,21.138048
7180,6.7584534
7181,124.192
7182,-80.40921
7183,-10.069153
7184,5.0823765
7185,58.09644
7186,9.342913
7187,5.7360477
7188,7.6491623
7189,32.810524
7190,113.585915
7191,40.60168
7192,221.71043
7193,5.586294
7194,51.636467
7195,16.368044
7196,-11.178528
7197,20.896255
7198,29.32717
7199,8.914717
7200,7.819025
7201,9.342913
7202,-10.069153
7203,12.843231
7204,19.285498
7205,-216.26974
7206,-9.206085
7207,-10.069153
7208,3.8702488
7209,-15.405071
7210,-10.069153
7211,5.7360477
7212,10.794846
7213,14.35034
7214,5.0823765
7215,5.0823765
7216,77.327805
7217,9.376947
7218,-26.29589
7219,8.812925
7220,10.592531
7221,-4.640232
7222,-2.4152393
7223,7.702589
7224,-28.24123
7225,3.8702488
7226,-14.187283
7227,66.56287
7228,22.418152
7229,34.107887
7230,-26.993797
7231,6.557394
7232,5.3427086
7233,16.625183
7234,3.8702488
7235,92.47195
7236,-351.7571
7237,5.0823765
7238,25.657244
7239,-149.373
7240,-11.178528
7241,3.8702488
7242,3.8702488
7243,3.8702488
7244,-3.1169357
7245,5.0512047
7246,5.586294
7247,5.0823765
7248,-53.616276
7249,74.11509
7250,20.896255
7251,16.565647
7252,5.0823765
7253,9.1693325
7254,-10.069153
7255,25.608135
7256,3.8702488
7257,3.8702488
7258,48.74242
7259,5.0823765
7260,-10.069153
7261,-10.069153
7262,-2.1294956
7263,5.0823765
7264,63.11402
7265,22.517485
7266,-13.604767
7267,-4.614052
7268,7.9883766
7269,7.702589
7270,18.39762
7271,13.689128
7272,10.421705
7273,25.5452
7274,37.775993
7275,19.405258
7276,-14.187283
7277,11.765881
7278,16.023857
7279,6.8992634
7280,-38.743603
7281,40.60168
7282,3.8702488
7283,-11.178528
7284,-3361.2432
7285,-1.5302564
7286,-10.069153
7287,-123.47928
7288,-287.16055
7289,-10.069153
7290,32.810524
7291,63.11402
7292,3.8702488
7293,25.608135
7294,19.181072
7295,1439.022
7296,915.20953
7297,14.901257
7298,114.37283
7299,85.50402
7300,77.327805
7301,96.262375
7302,5.0823765
7303,12.006975
7304,8.277584
7305,78.58713
7306,5.0823765
7307,47.39895
7308,5.0823765
7309,11.3158245
7310,39.14052
7311,14.901257
7312,10.336245
7313,15.31603
7314,5.0823765
7315,40.996056
7316,42.716084
7317,799.8893
7318,21.138048
7319,5.0512047
7320,3.8702488
7321,104.68039
7322,4.0200005
7323,44.434116
7324,8.914717
7325,108.780815
7326,109.79384
7327,5.0823765
7328,6.725565
7329,5.0512047
7330,3.8702488
7331,43.293755
7332,27.129847
7333,8.812925
7334,3.8702488
7335,14.901257
7336,70.07749
7337,3.8702488
7338,16.625183
7339,5.586294
7340,9.200504
7341,7.9883766
7342,6.7950897
7343,-1.3456594
7344,23.440678
7345,5.586294
7346,5.0823765
7347,3.8702488
7348,35.377453
7349,-12.985329
7350,3.8702488
7351,-11.178528
7352,29.457838
7353,-0.77541745
7354,79.82887
7355,8.914717
7356,-42.166454
7357,-12.985329
7358,-10.069153
7359,5.7360477
7360,21.79724
7361,61.92323
7362,6.798424
7363,242.00702
7364,-28.185276
7365,290.58633
7366,19.53409
7367,6.798424
7368,5.0823765
7369,5.586294
7370,3.8702488
7371,-10.069153
7372,37.775993
7373,37.43364
7374,20.314537
7375,16.625183
7376,6.7584534
7377,18.977697
7378,4.4774227
7379,3.8702488
7380,5.0512047
7381,16.35084
7382,-13.604767
7383,14.901257
7384,67.2894
7385,-3.1169357
7386,14.710517
7387,43.20644
7388,8.115252
7389,17.044077
7390,3.8702488
7391,54.499023
7392,10.553751
7393,85.50402
7394,5.0823765
7395,12.006975
7396,5.0823765
7397,16.625183
7398,44.434116
7399,7.9883766
7400,113.585915
7401,5.0823765
7402,12.006975
7403,7.970581
7404,26.70939
7405,5.0823765
7406,98.32285
7407,25.312433
7408,146.02922
7409,20.896255
7410,124.192
7411,182.22098
7412,8.914717
7413,489.12857
7414,-3.9124985
7415,22.517485
7416,7.6491623
7417,13.238768
7418,-2.1065083
7419,8.812925
7420,16.533775
7421,3.8702488
7422,6.7584534
7423,6.2633343
7424,7.9883766
7425,-11.178528
7426,-10.069153
7427,-3.1169357
7428,7.6491623
7429,54.096935
7430,12.006975
7431,55.596443
7432,19.181072
7433,45.283394
7434,205.48094
7435,37.775993
7436,25.810297
7437,-15.296658
7438,-14.187283
7439,34.728073
7440,82.6613
7441,96.262375
7442,87.32803
7443,109.79384
7444,-25.29494
7445,155.03584
7446,2.2381763
7447,10.794846
7448,77.10587
7449,-24.193623
7450,-10.069153
7451,20.314537
7452,5.586294
7453,39.49243
7454,10.55504
7455,40.60168
7456,5.586294
7457,-79.28582
7458,7.0654545
7459,-4.437916
7460,-55.267765
7461,8.914717
7462,25.810297
7463,5.0823765
7464,6.798424
7465,48.58757
7466,9.200504
7467,5.0823765
7468,24.68092
7469,6.7584534
7470,3.8702488
7471,18.0306
7472,-35.677578
7473,5.586294
7474,65.66404
7475,-10.069153
7476,-11.178528
7477,171.10655
7478,22.517485
7479,18.39762
7480,5.0823765
7481,5.0823765
7482,-0.81965077
7483,3.8702488
7484,-37.783154
7485,-3.5093346
7486,-10.069153
7487,16.35084
7488,217.15157
7489,40.60168
7490,5.0823765
7491,7.6491623
7492,-4.640232
7493,67.2894
7494,6.1016884
7495,8.914717
7496,8.277584
7497,29.592266
7498,182.22098
7499,7.0654545
7500,34.728073
7501,12.006975
7502,12.006975
7503,83.276184
7504,37.94248
7505,5.0512047
7506,-10.069153
7507,3.8702488
7508,7.0654545
7509,13.675706
7510,8.190985
7511,-11.178528
7512,-132.31746
7513,22.418152
7514,6.798424
7515,3.8702488
7516,49.452133
7517,24.453312
7518,19.181072
7519,-13.604767
7520,-112.39497
7521,80.02638
7522,6.272787
7523,63.11402
7524,23.66988
7525,51.636467
7526,26.248165
7527,20.314537
7528,451.99588
7529,-2.0301304
7530,128.03833
7531,21.608368
7532,27.964813
7533,49.452133
7534,-24.177818
7535,-51.581013
7536,-10.069153
7537,-10.069153
7538,-0.43234643
7539,6.4370327
7540,18.39762
7541,1.0572203
7542,-385.08408
7543,343.35062
7544,6.214651
7545,3.8702488
7546,44.434116
7547,54.892056
7548,8.277584
7549,19.181072
7550,16.798807
7551,0.42639342
7552,146.11804
7553,12.710016
7554,7.970581
7555,6.4370327
7556,-17.35429
7557,-123.100266
7558,-36.353397
7559,3.8702488
7560,20.314537
7561,10.421705
7562,7.0932713
7563,6.798424
7564,115.79482
7565,16.798807
7566,873.6525
7567,-26.218136
7568,-11.178528
7569,12.444984
7570,368.5153
7571,182.22098
7572,115.79482
7573,8.277584
7574,152.64072
7575,4.0200005
7576,-41.565258
7577,7.6491623
7578,427.44965
7579,23.158607
7580,182.22098
7581,200.76202
7582,-0.41989717
7583,-59.91094
7584,9.342913
7585,14.085308
7586,3.8702488
7587,21.537378
7588,5.0823765
7589,6.2633343
7590,13.238768
7591,30.841623
7592,55.441875
7593,28.712917
7594,-36.353397
7595,3.8702488
7596,27.964813
7597,73.51219
7598,24.453312
7599,0.003291987
7600,16.787626
7601,30.841623
7602,4.9804974
7603,43.20644
7604,15.684863
7605,57.26081
7606,1.6050662
7607,67.2894
7608,18.0306
7609,9.1693325
7610,-4.614052
7611,5.586294
7612,-14.187283
7613,-287.61533
7614,16.023857
7615,-3.8458366
7616,3.7418098
7617,15.399119
7618,15.399119
7619,3.8702488
7620,7.9883766
7621,8.274765
7622,5.0823765
7623,27.129847
7624,3.8702488
7625,40.46458
7626,-46.16512
7627,5.0823765
7628,9.209578
7629,21.003708
7630,51.261593
7631,5.0823765
7632,72.36741
7633,7.9883766
7634,19.181072
7635,19.814838
7636,-56.940075
7637,-11.178528
7638,3.8702488
7639,12.710016
7640,-3.1169357
7641,7.0654545
7642,177.53738
7643,3.8702488
7644,-28.185276
7645,45.7853
7646,9.200504
7647,200.76202
7648,11.519442
7649,-11.178528
7650,-19.517986
7651,-3.1169357
7652,-10.069153
7653,149.44254
7654,20.88479
7655,16.798807
7656,7.702589
7657,20.896255
7658,39.113876
7659,34.728073
7660,123.091156
7661,10.421705
7662,3.7418098
7663,10.421705
7664,78.58713
7665,-10.069153
7666,50.42514
7667,5.0512047
7668,21.003708
7669,51.636467
7670,-0.72385037
7671,5.586294
7672,-10.069153
7673,-11.178528
7674,-9.225365
7675,1351.764
7676,37.775993
7677,102.98381
7678,18.0306
7679,21.537378
7680,44.351032
7681,37.775993
7682,1.0572203
7683,-9.225365
7684,-14.187283
7685,-14.187283
7686,-39.504917
7687,119.93956
7688,288.9132
7689,77.327805
7690,415.38327
7691,296.73285
7692,115.12733
7693,9.200504
7694,92.386505
7695,5.586294
7696,290.58633
7697,19.814838
7698,5.0823765
7699,19.181072
7700,159.0729
7701,8.991632
7702,8.914717
7703,-37.783154
7704,-46.616184
7705,-104.42964
7706,25.5452
7707,-351.7571
7708,37.211708
7709,7.970581
7710,127.66465
7711,-41.585667
7712,-14.187283
7713,3.8702488
7714,25.63263
7715,90.87019
7716,60.88638
7717,44.434116
7718,12.006975
7719,10.421705
7720,26.016033
7721,21.707733
7722,-260.1098
7723,5.586294
7724,5.0823765
7725,55.596443
7726,16.474218
7727,3.8702488
7728,3.8702488
7729,194.69785
7730,23.09517
7731,8.580465
7732,5.873722
7733,6.798424
7734,6.2633343
7735,182.22098
7736,182.22098
7737,44.67041
7738,72.36741
7739,-86.82699
7740,-105.52051
7741,3.8702488
7742,19.803154
7743,37.43364
7744,29.32717
7745,7.742012
7746,113.585915
7747,31.211653
7748,11.765881
7749,59.948483
7750,26.248165
7751,3.8702488
7752,77.20481
7753,21.138048
7754,19.814838
7755,6.4370327
7756,14.18699
7757,6.9481754
7758,5.0823765
7759,-11.178528
7760,55.596443
7761,9.200504
7762,-17.673588
7763,50.42514
7764,5.7360477
7765,5.0823765
7766,-2.297205
7767,-14.187283
7768,2.2381763
7769,26.248165
7770,43.293755
7771,9.200504
7772,-13.604767
7773,252.583
7774,3.8702488
7775,16.625183
7776,-1.2088376
7777,-63.66876
7778,-15.296658
7779,-123.100266
7780,-68.18572
7781,18.340366
7782,5.0512047
7783,3.8702488
7784,-10.069153
7785,8.115252
7786,-24.735641
7787,29.592266
7788,65.66404
7789,551.3235
7790,949.5091
7791,27.964813
7792,13.238768
7793,11.76729
7794,-14.187283
7795,-1.935978
7796,7.0654545
7797,14.1039
7798,7.0654545
7799,5.586294
7800,6.7584534
7801,407.56357
7802,15.399119
7803,6.798424
7804,7.9883766
7805,-10.069153
7806,3.8702488
7807,21.775707
7808,5.586294
7809,40.648216
7810,6.7950897
7811,10.553751
7812,-7.781399
7813,24.136549
7814,20.896255
7815,147.79665
7816,3.8702488
7817,12.026638
7818,14.18699
7819,10.421705
7820,-14.187283
7821,-2.290985
7822,-41.565258
7823,9.342913
7824,17.044077
7825,9.342913
7826,7.9883766
7827,3.8702488
7828,20.671358
7829,5.873722
7830,10.421705
7831,20.88479
7832,29.916477
7833,6.4370327
7834,-52.37685
7835,325.73373
7836,12.843231
7837,-1.6354581
7838,54.499023
7839,-7.893772
7840,5.0823765
7841,10.421705
7842,59.948483
7843,48.66207
7844,11.017271
7845,42.716084
7846,123.8806
7847,41.344475
7848,44.434116
7849,6.2633343
7850,12.444984
7851,68.107285
7852,5.0823765
7853,16.625183
7854,5.0823765
7855,-0.72385037
7856,6.2633343
7857,6.2633343
7858,6.272787
7859,21.655203
7860,54.5973
7861,-10.069153
7862,36.827106
7863,15.684863
7864,98.64954
7865,7.9883766
7866,19.181072
7867,5.0823765
7868,-3.9124985
7869,3.8702488
7870,16.625183
7871,18.0306
7872,-3.768158
7873,54.096935
7874,7.6491623
7875,5.0823765
7876,77.327805
7877,-3.9124985
7878,-27.22371
7879,-28.185276
7880,8.914717
7881,14.18699
7882,36.055584
7883,37.775993
7884,8.277584
7885,-10.069153
7886,21.003708
7887,7.6491623
7888,5.0823765
7889,144.80428
7890,-39.689075
7891,-173.85583
7892,-10.069153
7893,11.804661
7894,-36.199093
7895,7.9883766
7896,6.798424
7897,8.812925
7898,5.0823765
7899,47.39895
7900,21.707733
7901,54.892056
7902,13.238768
7903,150.24321
7904,16.798807
7905,23.94206
7906,-1.9048063
7907,166.2731
7908,-438.97845
7909,11.647585
7910,5.586294
7911,-10.069153
7912,17.044077
7913,65.12703
7914,-28.3502
7915,1.0572203
7916,-3.768158
7917,-14.187283
7918,6.725565
7919,139.93607
7920,25.810297
7921,40.259216
7922,29.592266
7923,134.60257
7924,328.20306
7925,8.277584
7926,59.948483
7927,17.686346
7928,5.0512047
7929,19.53409
7930,3.8702488
7931,20.88479
7932,19.181072
7933,22.418152
7934,149.70233
7935,44.434116
7936,65.66404
7937,16.115757
7938,51.863422
7939,9.376947
7940,-63.66876
7941,30.841623
7942,30.841623
7943,7.702589
7944,6.7584534
7945,-0.110117055
7946,13.238768
7947,11.76729
7948,51.636467
7949,-65.40971
7950,6.798424
7951,365.84125
7952,9.200504
7953,77.327805
7954,16.533775
7955,3.8702488
7956,6.7584534
7957,146.02922
7958,134.60257
7959,7.9883766
7960,24.920002
7961,20.88479
7962,938.4773
7963,8.432812
7964,3.8702488
7965,3.8702488
7966,3.945425
7967,-48.212048
7968,-3.0648308
7969,5.7360477
7970,-48.07736
7971,582.6417
7972,20.42058
7973,16.625183
7974,6.2633343
7975,182.22098
7976,8.914717
7977,12.710016
7978,8.277584
7979,71.605965
7980,4.9804974
7981,7.9883766
7982,-0.72385037
7983,7.9883766
7984,3.8702488
7985,10.381462
7986,3.8702488
7987,-11.178528
7988,27.964813
7989,-10.069153
7990,5.586294
7991,13.121246
7992,5.5507507
7993,7.9883766
7994,77.10587
7995,-75.22934
7996,5.586294
7997,-149.373
7998,-3.1169357
7999,3.8702488
8000,57.018192
8001,5.0823765
8002,5.0823765
8003,12.710016
8004,6.2633343
8005,48.74242
8006,67.2894
8007,253.39746
8008,9.1693325
8009,19.181072
8010,28.712917
8011,6.2633343
8012,9.209578
8013,29.32717
8014,5.586294
8015,-288.68494
8016,13.121246
8017,91.77189
8018,81.57871
8019,46.04822
8020,-10.069153
8021,8.914717
8022,83.08253
8023,3.8702488
8024,30.029572
8025,80.60188
8026,-46.62714
8027,182.22098
8028,9.209578
8029,-67.25252
8030,9.209578
8031,19.181072
8032,447.13528
8033,582.6417
8034,3.8702488
8035,77.10587
8036,12.710016
8037,44.434116
8038,8.750494
8039,5.0512047
8040,37.775993
8041,-13.604767
8042,7.6491623
8043,12.710016
8044,27.964813
8045,8.277584
8046,7.9883766
8047,77.327805
8048,5.0823765
8049,23.440678
8050,7.6491623
8051,48.74242
8052,50.42514
8053,5.586294
8054,-375.60092
8055,-5.430645
8056,44.71366
8057,0.395811
8058,3.8702488
8059,16.35084
8060,-46.616184
8061,5.0823765
8062,5.0823765
8063,14.901257
8064,140.03423
8065,6.798424
8066,59.948483
8067,8.277584
8068,6.2633343
8069,-28.289604
8070,51.863422
8071,16.625183
8072,194.69785
8073,5.586294
8074,-16.564213
8075,10.55504
8076,13.238768
8077,59.948483
8078,24.920002
8079,-10.069153
8080,3.8702488
8081,-125.13765
8082,182.22098
8083,118.437256
8084,24.091595
8085,77.10587
8086,-3.9124985
8087,48.74242
8088,10.5551605
8089,14.18699
8090,39.14052
8091,415.38327
8092,11.804661
8093,59.948483
8094,5.0823765
8095,14.901257
8096,-4.7505035
8097,7.6491623
8098,44.434116
8099,44.434116
8100,26.248165
8101,26.786076
8102,32.663593
8103,67.2894
8104,24.453312
8105,118.437256
8106,8.914717
8107,30.841623
8108,20.42058
8109,26.981625
8110,12.006975
8111,10.5551605
8112,1397.3455
8113,0.395811
8114,5.0512047
8115,5.586294
8116,-5.2410545
8117,-99.967834
8118,620.3019
8119,14.085308
8120,3.8702488
8121,115.79482
8122,44.67041
8123,64.40166
8124,9.976896
8125,-29.069942
8126,-11.178528
8127,5.586294
8128,51.863422
8129,240.7004
8130,533.0669
8131,987.4429
8132,161.11427
8133,20.896255
8134,3.8702488
8135,-11.178528
8136,8.914717
8137,199.91525
8138,-10.069153
8139,10.421705
8140,29.32717
8141,-4.2185173
8142,4.836134
8143,33.115913
8144,18.340366
8145,12.710016
8146,6.7584534
8147,219.03639
8148,12.006975
8149,10.425739
8150,6.554838
8151,9.1693325
8152,3.8702488
8153,62.709187
8154,29.32717
8155,5.0823765
8156,7.0654545
8157,7.0654545
8158,5.1575527
8159,30.841623
8160,9.805143
8161,-1.935978
8162,-10.069153
8163,3.8702488
8164,48.74242
8165,-3.1169357
8166,3.8702488
8167,62.87514
8168,204.56487
8169,7.9883766
8170,77.37217
8171,199.23137
8172,40.24086
8173,20.287638
8174,1.0572203
8175,-7.744915
8176,24.091595
8177,330.89938
8178,6.7584534
8179,20.88479
8180,171.22762
8181,38.015354
8182,3.8702488
8183,5.586294
8184,-1.935978
8185,-86.20315
8186,23.440678
8187,-55.267765
8188,-0.110117055
8189,-224.32465
8190,1.6050662
8191,109.79384
8192,7.9883766
8193,12.554253
8194,6.557394
8195,67.2894
8196,115.12733
8197,246.84259
8198,7.742012
8199,8.812925
8200,47.39895
8201,282.5979
8202,51.863422
8203,5.586294
8204,5.586294
8205,3.8702488
8206,30.841623
8207,5.586294
8208,31.042358
8209,15.841731
8210,5.0823765
8211,37.775993
8212,26.981625
8213,7.9883766
8214,20.896255
8215,114.37283
8216,20.88479
8217,-4.7690315
8218,77.37217
8219,7.9883766
8220,10.5551605
8221,19.181072
8222,12.710016
8223,19.181072
8224,4.9804974
8225,519.3713
8226,27.278473
8227,40.60168
8228,507.86856
8229,77.64923
8230,9.209578
8231,3.8702488
8232,1.201332
8233,9.376947
8234,235.40193
8235,29.58461
8236,13.238768
8237,16.625183
8238,39.49243
8239,-254.98714
8240,10.553751
8241,21.206022
8242,27.12249
8243,-31.621098
8244,24.453312
8245,40.60168
8246,15.684863
8247,23.09517
8248,7.702589
8249,3.8702488
8250,5.586294
8251,6.557394
8252,-10.069153
8253,8.277584
8254,-9.225365
8255,62.254562
8256,27.964813
8257,49.70636
8258,25.621
8259,6.2633343
8260,-0.72385037
8261,-14.148087
8262,70.9475
8263,12.710016
8264,34.728073
8265,126.21459
8266,24.453312
8267,-11.178528
8268,-5.430645
8269,290.58633
8270,72.48366
8271,55.596443
8272,34.728073
8273,3.8702488
8274,-28.289604
8275,15.004381
8276,-14.187283
8277,-373.05872
8278,13.675706
8279,14.18699
8280,6.798424
8281,7.9883766
8282,1020.16406
8283,115.79482
8284,60.093338
8285,13.238768
8286,242.00702
8287,5.0823765
8288,-57.55724
8289,6.554838
8290,1.0572203
8291,29.916477
8292,5.7360477
8293,187.55447
8294,5.0823765
8295,19.181072
8296,7.6491623
8297,534.9169
8298,70.6821
8299,174.15593
8300,78.58713
8301,-2.0581646
8302,59.948483
8303,-3.225788
8304,29.32717
8305,19.181072
8306,26.578983
8307,6.557394
8308,6.4370327
8309,3.8702488
8310,5.0512047
8311,27.964813
8312,-1035.4816
8313,12.554253
8314,3.8702488
8315,9.193947
8316,41.905415
8317,6.554838
8318,8.914717
8319,-3.1169357
8320,12.006975
8321,16.625183
8322,24.920002
8323,-12.985329
8324,-10.069153
8325,51.261593
8326,43.308865
8327,50.42514
8328,16.798807
8329,37.775993
8330,49.452133
8331,5.0512047
8332,20.314537
8333,-2.666006
8334,25.193132
8335,114.37283
8336,9.193947
8337,134.60257
8338,7.970581
8339,12.710016
8340,67.2894
8341,-129.37033
8342,18.0306
8343,15.841731
8344,-2.0581646
8345,34.728073
8346,48.58757
8347,-516.15717
8348,-10.069153
8349,30.841623
8350,22.418152
8351,34.728073
8352,99.90455
8353,24.920002
8354,-0.72385037
8355,-11.178528
8356,27.964813
8357,23.440678
8358,-10.069153
8359,27.964813
8360,13.766381
8361,19.181072
8362,37.775993
8363,488.21606
8364,390.1848
8365,797.6342
8366,5.0823765
8367,7.9883766
8368,4.653101
8369,8.277584
8370,23.440678
8371,37.775993
8372,182.22098
8373,8.277584
8374,-454.97455
8375,-10.069153
8376,5.0512047
8377,14.18699
8378,5.7360477
8379,10.794846
8380,6.557394
8381,5.0823765
8382,6.798424
8383,7.0932713
8384,92.386505
8385,19.181072
8386,-4.2185173
8387,5.23213
8388,6.4370327
8389,5.873722
8390,134.60257
8391,155.87334
8392,18.39762
8393,7.9883766
8394,37.775993
8395,37.775993
8396,11.017271
8397,8.812925
8398,46.04822
8399,9.342913
8400,7.9883766
8401,5.586294
8402,7.6491623
8403,5.0823765
8404,10.421705
8405,-3.5093346
8406,3.8702488
8407,11.765881
8408,64.76107
8409,7.7695236
8410,5.0823765
8411,30.841623
8412,-3.225788
8413,236.42842
8414,161.19672
8415,-10.069153
8416,-28.24123
8417,3.8702488
8418,6.725565
8419,37.211708
8420,9.1693325
8421,328.56268
8422,74.11509
8423,7.9883766
8424,7.9883766
8425,47.39895
8426,181.39828
8427,8.277584
8428,7.6491623
8429,6.557394
8430,5.586294
8431,325.28824
8432,5.586294
8433,5.0823765
8434,25.608135
8435,5.586294
8436,-63.66876
8437,10.794846
8438,-9.225365
8439,6.4370327
8440,1.0572203
8441,3.8702488
8442,307.25604
8443,7.9883766
8444,16.798807
8445,5.0823765
8446,28.201666
8447,26.578983
8448,8.764769
8449,-25.50272
8450,-10.069153
8451,27.12249
8452,-4.2185173
8453,3.8702488
8454,20.88479
8455,55.66381
8456,9.200504
8457,-10.069153
8458,18.39762
8459,3.8702488
8460,-45.592747
8461,4.9804974
8462,3.8702488
8463,54.892056
8464,74.11509
8465,5.0823765
8466,77.64923
8467,6.798424
8468,13.411877
8469,7.7695236
8470,37.775993
8471,-4.640232
8472,15.138711
8473,19.181072
8474,34.728073
8475,0.007827662
8476,12.006975
8477,24.920002
8478,13.675706
8479,0.395811
8480,5.586294
8481,4.4774227
8482,5.586294
8483,-124.02347
8484,29.916477
8485,-13.604767
8486,10.103697
8487,-13.604767
8488,5.0823765
8489,8.432812
8490,67.2894
8491,7.702589
8492,5.7360477
8493,-128.08478
8494,70.07749
8495,58.09644
8496,9.1693325
8497,9.342913
8498,-288.32364
8499,6.557394
8500,76.909454
8501,6.4370327
8502,7.9883766
8503,-3.225788
8504,40.60168
8505,5.0823765
8506,400.30692
8507,5.1575527
8508,7.6491623
8509,8.277584
8510,13.498387
8511,0.42639342
8512,134.60257
8513,14.35034
8514,12.006975
8515,8.277584
8516,97.292366
8517,96.51184
8518,25.5452
8519,2.2693481
8520,15.599958
8521,-36.199093
8522,6.725565
8523,5.6895504
8524,6.2633343
8525,30.841623
8526,-0.72385037
8527,67.2894
8528,-12.985329
8529,43.293755
8530,107.94968
8531,120.30698
8532,149.70233
8533,134.60257
8534,23.649944
8535,-4.2185173
8536,-216.18083
8537,160.55695
8538,199.23137
8539,23.440678
8540,16.625183
8541,32.701576
8542,3.8702488
8543,5.586294
8544,40.24086
8545,43.293755
8546,-26.120758
8547,109.35355
8548,6.4370327
8549,5.586294
8550,3.0063286
8551,76.67211
8552,6.2633343
8553,-19.646229
8554,7.9883766
8555,-0.110117055
8556,3.8702488
8557,32.850513
8558,3.8702488
8559,7.9883766
8560,162.27377
8561,-10.069153
8562,-17.35429
8563,3.8702488
8564,3.8702488
8565,5.586294
8566,-33.619698
8567,7.702589
8568,8.277584
8569,55.911396
8570,30.841623
8571,3.8702488
8572,5.586294
8573,-46.657047
8574,5.0823765
8575,-9.225365
8576,9.327381
8577,8.914717
8578,44.67041
8579,27.964813
8580,15.841731
8581,11.647585
8582,44.434116
8583,37.775993
8584,7.6491623
8585,20.88479
8586,8.914717
8587,6.2633343
8588,6.557394
8589,5.586294
8590,6.8992634
8591,-10.069153
8592,959.2899
8593,21.537378
8594,104.68039
8595,41.344475
8596,-1.2088376
8597,18.39762
8598,5.586294
8599,14.18699
8600,16.625183
8601,-3.1169357
8602,3.8702488
8603,16.625183
8604,5.586294
8605,59.948483
8606,72.36741
8607,5.0823765
8608,265.10666
8609,8.111393
8610,67.2894
8611,9.1693325
8612,6.2633343
8613,-88.762985
8614,5.0823765
8615,8.914717
8616,5.0823765
8617,5.586294
8618,51.863422
8619,599.04834
8620,390.1848
8621,3.8702488
8622,57.26081
8623,101.59589
8624,149.44254
8625,5.0823765
8626,9.1693325
8627,7.6491623
8628,37.775993
8629,939.69324
8630,9.327381
8631,18.977697
8632,5.0823765
8633,21.775707
8634,-74.78569
8635,18.001175
8636,5.0823765
8637,26.016033
8638,7.197523
8639,185.66223
8640,83.08253
8641,28.5437
8642,5.0823765
8643,8.764769
8644,-53.616276
8645,43.20644
8646,177.53738
8647,15.399119
8648,959.2899
8649,8.812925
8650,-0.93275464
8651,7.9883766
8652,7.702589
8653,0.395811
8654,-14.187283
8655,3.8702488
8656,64.76107
8657,37.587814
8658,-1.9048063
8659,28.712917
8660,-420.80728
8661,3.8702488
8662,3.8702488
8663,30.841623
8664,18.977697
8665,5.0823765
8666,6.2633343
8667,61.92323
8668,22.517485
8669,10.421705
8670,23.09517
8671,-14.187283
8672,-49.59918
8673,5.586294
8674,15.841731
8675,360.4362
8676,32.134842
8677,10.421705
8678,4.9804974
8679,139.93607
8680,12.006975
8681,5.586294
8682,3.8702488
8683,324.16586
8684,12.731569
8685,8.277584
8686,77.64923
8687,6.7584534
8688,44.351032
8689,-56.216
8690,21.138048
8691,77.64923
8692,-56.216
8693,219.38164
8694,6.2633343
8695,13.238768
8696,39.91722
8697,12.006975
8698,9.209578
8699,110.99494
8700,6.798424
8701,6.798424
8702,107.51561
8703,11.804661
8704,0.42639342
8705,382.36517
8706,21.537378
8707,127.66465
8708,-252.7595
8709,20.88479
8710,-12.985329
8711,-24.193623
8712,-10.2584
8713,24.453312
8714,22.517485
8715,10.421705
8716,3.8702488
8717,25.810297
8718,6.7584534
8719,-10.069153
8720,26.248165
8721,3.8702488
8722,-3.0648308
8723,47.730328
8724,1.0572203
8725,-0.110117055
8726,112.66984
8727,-365.45517
8728,32.810524
8729,3.8702488
8730,16.625183
8731,3.8702488
8732,-10.069153
8733,-10.069153
8734,1.6050662
8735,26.981625
8736,-5.430645
8737,-28.3502
8738,5.7360477
8739,-15.296658
8740,9.342913
8741,138.9819
8742,-53.616276
8743,16.625183
8744,9.200504
8745,19.961596
8746,12.410151
8747,5.586294
8748,-26.218136
8749,13.121246
8750,10.421705
8751,5.0823765
8752,-901.7979
8753,8.914717
8754,37.43364
8755,12.710016
8756,10.381462
8757,6.2633343
8758,87.32803
8759,12.006975
8760,10.381462
8761,7.9883766
8762,20.42058
8763,37.775993
8764,12.026638
8765,-10.069153
8766,-10.069153
8767,3.8702488
8768,3.8702488
8769,9.209578
8770,54.892056
8771,15.684863
8772,24.136549
8773,5.0512047
8774,3.8702488
8775,23.09517
8776,3.8702488
8777,-46.450443
8778,5.586294
8779,26.981625
8780,5.586294
8781,-10.069153
8782,149.92264
8783,507.86856
8784,27.551996
8785,5.586294
8786,51.28414
8787,9.342913
8788,3.8702488
8789,54.499023
8790,5.3427086
8791,-10.069153
8792,12.006975
8793,-3.768158
8794,11.198021
8795,124.99057
8796,9.342913
8797,-14.187283
8798,40.24086
8799,-10.069153
8800,51.28414
8801,51.863422
8802,-98.48977
8803,19.181072
8804,25.657244
8805,938.00635
8806,3678.7776
8807,13.766381
8808,23.649944
8809,-84.73824
8810,3.8702488
8811,9.209578
8812,-3.1169357
8813,-69.00554
8814,7.0654545
8815,20.88479
8816,-3.225788
8817,19.181072
8818,10.794846
8819,5.0823765
8820,8.277584
8821,-0.110117055
8822,-527.2515
8823,3.8702488
8824,-536.2141
8825,81.545204
8826,6.798424
8827,182.22098
8828,3.8702488
8829,5.586294
8830,-1027.5142
8831,12.469206
8832,9.376947
8833,14.085308
8834,8.595551
8835,5.0823765
8836,66.56287
8837,18.977697
8838,6.2633343
8839,-8.826954
8840,-93.00812
8841,13.498387
8842,-82.638565
8843,-10.069153
8844,-68.18572
8845,-22.169128
8846,11.804661
8847,7.7695236
8848,14.35034
8849,568.94604
8850,12.006975
8851,1.3515872
8852,6.798424
8853,23.09517
8854,20.671358
8855,7.9883766
8856,29.32717
8857,5.0823765
8858,21.138048
8859,8.432812
8860,14.085308
8861,-9.225365
8862,12.843231
8863,5.0512047
8864,5.586294
8865,5.0512047
8866,7.6491623
8867,23.158607
8868,5.7360477
8869,-3.1169357
8870,58.422134
8871,6.557394
8872,40.648216
8873,3.8702488
8874,12.2668915
8875,-0.5781957
8876,9.193947
8877,15.684863
8878,-4.437916
8879,-46.68835
8880,-14.187283
8881,44.168022
8882,40.24086
8883,3.0063286
8884,44.67041
8885,3.8702488
8886,22.517485
8887,3.8702488
8888,16.533775
8889,5.0823765
8890,-49.59918
8891,5.0823765
8892,21.138048
8893,-90.19027
8894,67.2894
8895,12.006975
8896,-44.58283
8897,-3.0648308
8898,10.794846
8899,-3.1169357
8900,-11.178528
8901,3.8702488
8902,113.87615
8903,-10.069153
8904,7.6491623
8905,-10.069153
8906,5.0823765
8907,105.681335
8908,14.085308
8909,14.18699
8910,-10.534653
8911,5.586294
8912,6.557394
8913,16.625183
8914,77.33996
8915,5.0512047
8916,3.8702488
8917,-4.437916
8918,3.8702488
8919,-26.29589
8920,-19.517986
8921,-63.66876
8922,-20.520859
8923,83.972084
8924,5.0823765
8925,6.725565
8926,7.970581
8927,7.9883766
8928,26.688524
8929,13.498387
8930,25.5452
8931,58.09644
8932,7.6491623
8933,30.841623
8934,3.8702488
8935,5.0823765
8936,27.964813
8937,3.8702488
8938,5.586294
8939,-0.81965077
8940,0.003291987
8941,109.79384
8942,34.328068
8943,2266.4165
8944,12.026638
8945,6.798424
8946,64.76107
8947,20.640186
8948,51.863422
8949,9.327381
8950,109.79384
8951,18.0306
8952,73.868004
8953,14.901257
8954,3.8702488
8955,-9.0734825
8956,23.440678
8957,6.2633343
8958,6.2633343
8959,21.79724
8960,985.4529
8961,-37.783154
8962,-22.135475
8963,98.64954
8964,19.181072
8965,51.636467
8966,29.592266
8967,37.775993
8968,47.39895
8969,716.6119
8970,3.0063286
8971,75.28791
8972,22.437815
8973,7.9883766
8974,21.79724
8975,10.421705
8976,28.5437
8977,40.46458
8978,3.8702488
8979,9.200504
8980,-4.7505035
8981,24.136549
8982,16.625183
8983,7.6491623
8984,16.625183
8985,-15.405071
8986,4.8895607
8987,-287.61533
8988,5.0823765
8989,3.8702488
8990,-28.185276
8991,-588.8498
8992,-18.240253
8993,5.7360477
8994,3.8702488
8995,3.8702488
8996,437.82837
8997,31.042358
8998,5.0823765
8999,3.8702488
9000,20.896255
9001,16.957533
9002,19.53409
9003,254.87726
9004,5.5134354
9005,-4.437916
9006,5.586294
9007,5.586294
9008,-173.85583
9009,6.798424
9010,92.47195
9011,5.586294
9012,43.293755
9013,696.91974
9014,13.238768
9015,7.6491623
9016,-113.77054
9017,-14.187283
9018,67.2894
9019,6.4370327
9020,3.8702488
9021,56.90871
9022,6.725565
9023,90.87019
9024,15.1348095
9025,30.841623
9026,15.399119
9027,-16.79419
9028,-42.166454
9029,5.0823765
9030,12.710016
9031,389.1927
9032,5.0823765
9033,51.863422
9034,2124.9968
9035,15.399119
9036,7.702589
9037,23.649944
9038,149.70233
9039,-2.5560284
9040,-2.5560284
9041,72.36741
9042,12.006975
9043,16.625183
9044,5.873722
9045,-10.069153
9046,-53.638927
9047,25.608135
9048,3.8702488
9049,-23.085152
9050,15.841731
9051,20.88479
9052,5.0823765
9053,407.56357
9054,17.875284
9055,5.586294
9056,-34.265453
9057,-341.1287
9058,29.32717
9059,28.5437
9060,182.22098
9061,5.586294
9062,5.0823765
9063,-31.416203
9064,16.798807
9065,-30.684635
9066,-30.684635
9067,7.9883766
9068,10.421705
9069,6.214651
9070,7.9883766
9071,9.342913
9072,12.026638
9073,-50.71854
9074,-43.356632
9075,-97.43653
9076,6.4370327
9077,8.914717
9078,-28.724575
9079,-36.353397
9080,-1937.6407
9081,7.970581
9082,21.206022
9083,3.8702488
9084,978.6789
9085,-31.416203
9086,7.6491623
9087,29.397635
9088,13.766381
9089,235.40193
9090,-32.073647
9091,8.277584
9092,-14.187283
9093,16.625183
9094,1.0572203
9095,5.586294
9096,14.901257
9097,6.4370327
9098,11.3158245
9099,29.32717
9100,10.55504
9101,6.4370327
9102,43.20644
9103,13.498387
9104,13.498387
9105,5.0823765
9106,-2.4455585
9107,5.586294
9108,77.37217
9109,5.0823765
9110,5.0823765
9111,5.0823765
9112,-0.110117055
9113,0.07721128
9114,19.181072
9115,182.22098
9116,5.0823765
9117,10.55504
9118,8.812925
9119,22.517485
9120,390.1848
9121,-1.3456594
9122,21.138048
9123,7.970581
9124,21.655203
9125,3.8702488
9126,12.843231
9127,5.0512047
9128,-143.53323
9129,19.181072
9130,5.0823765
9131,7.9883766
9132,296.73285
9133,29.916477
9134,2661.8982
9135,-82.638565
9136,12.006975
9137,5.23213
9138,40.60168
9139,23.09517
9140,16.625183
9141,63.817352
9142,-10.069153
9143,7.6491623
9144,40.60168
9145,-3.225788
9146,18.340366
9147,48.74242
9148,32.134842
9149,72.9452
9150,8.914717
9151,0.9403342
9152,406.12903
9153,141.9501
9154,64.76107
9155,230.0072
9156,5.586294
9157,5.0823765
9158,-10.069153
9159,44.67041
9160,-4.2185173
9161,8.750494
9162,-26.218136
9163,15.555834
9164,12.444984
9165,5.7360477
9166,43.952217
9167,-15.318932
9168,-1.6155549
9169,23.440678
9170,1.0572203
9171,14.085308
9172,7.6491623
9173,7.702589
9174,12.63695
9175,7.9883766
9176,5.0823765
9177,44.434116
9178,27.12249
9179,67.2894
9180,27.964813
9181,25.810297
9182,59.948483
9183,-38.05566
9184,18.0306
9185,76.75939
9186,24.920002
9187,15.399119
9188,6.7584534
9189,67.65512
9190,31.042358
9191,5.0823765
9192,10.794846
9193,7.6491623
9194,32.663593
9195,7.702589
9196,3.8702488
9197,59.948483
9198,114.37283
9199,48.74242
9200,45.283394
9201,44.434116
9202,254.5661
9203,213.7379
9204,30.841623
9205,10.55504
9206,557.4433
9207,51.28414
9208,29.32717
9209,19.181072
9210,-46.16512
9211,25.608135
9212,10.592531
9213,6.2633343
9214,242.00702
9215,-35.714436
9216,49.58256
9217,-520.7624
9218,16.625183
9219,8.914717
9220,37.43364
9221,182.22098
9222,5.873722
9223,-527.2515
9224,43.293755
9225,3.8702488
9226,14.18699
9227,77.37217
9228,51.636467
9229,27.12249
9230,190.04297
9231,24.100306
9232,16.625183
9233,21.079039
9234,26.168495
9235,7.970581
9236,375.1085
9237,5.0823765
9238,32.72581
9239,500.13306
9240,26.248165
9241,7.0654545
9242,5.586294
9243,127.66465
9244,10.794846
9245,13.238768
9246,178.48343
9247,-15.318932
9248,414.41678
9249,9.200504
9250,175.1065
9251,25.754433
9252,189.8932
9253,6.798424
9254,3.8702488
9255,-10.069153
9256,-39.689075
9257,21.537378
9258,10.553751
9259,5.586294
9260,2.2693481
9261,20.314537
9262,25.608135
9263,3.8702488
9264,-14.187283
9265,-10.069153
9266,5.0512047
9267,148.39522
9268,10.55504
9269,3.8702488
9270,5.3427086
9271,12.843231
9272,-0.3090993
9273,44.434116
9274,-12.985329
9275,73.51219
9276,3.8702488
9277,-20.270561
9278,-125.13765
9279,37.94248
9280,5.0823765
9281,52.313484
9282,24.136549
9283,16.798807
9284,7.702589
9285,-1.9048063
9286,24.143707
9287,104.68039
9288,70.6821
9289,-13.531204
9290,12.444536
9291,16.787626
9292,-11.178528
9293,-22.135475
9294,6.798424
9295,-3.225788
9296,62.87514
9297,-21.768665
9298,10.55504
9299,8.277584
9300,6.2175694
9301,6.2633343
9302,25.608135
9303,6.798424
9304,9.976896
9305,7.9883766
9306,37.775993
9307,47.39895
9308,8.277584
9309,-53.43661
9310,53.950615
9311,8.277584
9312,54.670643
9313,-16.79419
9314,134.60257
9315,54.892056
9316,19.219042
9317,0.395811
9318,5.0823765
9319,-9.206085
9320,13.689128
9321,-4.437916
9322,-10.069153
9323,-10.069153
9324,-11.178528
9325,3.8702488
9326,-10.069153
9327,23.09517
9328,16.625183
9329,-10.069153
9330,37.775993
9331,6.798424
9332,77.64923
9333,37.775993
9334,21.79724
9335,414.01456
9336,156.82533
9337,6.554838
9338,17.686346
9339,14.35034
9340,21.138048
9341,24.920002
9342,14.085308
9343,-26.218136
9344,14.35034
9345,6.2633343
9346,-3.0648308
9347,5.3427086
9348,-11.178528
9349,9.209578
9350,40.648216
9351,5.0823765
9352,5.0823765
9353,9.976896
9354,6.798424
9355,-2.0581646
9356,-10.069153
9357,31.211653
9358,-169.71443
9359,5.5134354
9360,5.586294
9361,30.029572
9362,59.948483
9363,-48.85008
9364,10.421705
9365,-150.2618
9366,6.557394
9367,3.8702488
9368,3.8702488
9369,-0.110117055
9370,946.10095
9371,232.90208
9372,7.7695236
9373,91.77189
9374,8.914717
9375,5.0823765
9376,193.62512
9377,5.0823765
9378,30.515438
9379,10.55504
9380,7.6491623
9381,12.710016
9382,20.640186
9383,77.64923
9384,780.9239
9385,9.1693325
9386,12.006975
9387,10.794846
9388,-17.673588
9389,27.964813
9390,-26.218136
9391,-825.1121
9392,5.586294
9393,10.794846
9394,-10.069153
9395,256.3626
9396,9.804323
9397,7.9883766
9398,5.586294
9399,2.2486916
9400,67.2894
9401,7.702589
9402,42.217384
9403,16.798807
9404,14.35034
9405,15.399119
9406,-11.178528
9407,6.725565
9408,-0.110117055
9409,6.798424
9410,14.901257
9411,5.0823765
9412,17.044077
9413,64.76107
9414,3.8702488
9415,5.0823765
9416,6.798424
9417,-10.069153
9418,161.19672
9419,19.181072
9420,-3.9124985
9421,12.026638
9422,7.0654545
9423,23.440678
9424,7.6491623
9425,7.9883766
9426,7.742012
9427,5.0823765
9428,5.0823765
9429,3.8702488
9430,5.586294
9431,-15.296658
9432,9.342913
9433,6.557394
9434,13.689128
9435,-4.614052
9436,-46.16512
9437,77.37217
9438,3.8702488
9439,19.961596
9440,4.627556
9441,7.0654545
9442,7.702589
9443,-86.82699
9444,-7.049515
9445,-15.296658
9446,54.830635
9447,10.794846
9448,-11.178528
9449,-3.1169357
9450,12.63695
9451,9.342913
9452,30.029572
9453,7.9883766
9454,17.044077
9455,-10.069153
9456,-26.29589
9457,5.0512047
9458,27.964813
9459,72.36741
9460,-1.9048063
9461,51.636467
9462,15.399119
9463,199.23137
9464,-35.677578
9465,-5.430645
9466,3.8702488
9467,5.0823765
9468,51.863422
9469,193.62512
9470,386.1115
9471,6.272787
9472,5.586294
9473,58.09644
9474,-735.3129
9475,5.586294
9476,-3.9124985
9477,-29.069942
9478,-73.41696
9479,-28.185276
9480,40.648216
9481,20.314537
9482,26.70939
9483,18.39762
9484,115.79482
9485,463.9916
9486,235.40193
9487,9.200504
9488,37.775993
9489,1.6050662
9490,8.812925
9491,34.728073
9492,77.327805
9493,37.775993
9494,23.649944
9495,55.66381
9496,5.0823765
9497,37.775993
9498,149.70233
9499,9.1693325
9500,-124.02347
9501,-86.82699
9502,7.9883766
9503,29.916477
9504,21.775707
9505,92.47195
9506,307.25604
9507,101.81173
9508,6.1016884
9509,6.7584534
9510,12.006975
9511,16.625183
9512,146.02922
9513,-3.225788
9514,11.76729
9515,15.399119
9516,59.948483
9517,40.996056
9518,10.421705
9519,5.0823765
9520,6.798424
9521,-29.069942
9522,3.8702488
9523,13.121246
9524,37.775993
9525,10.5551605
9526,139.93607
9527,5.0823765
9528,-11.178528
9529,9.1693325
9530,-288.68494
9531,149.70233
9532,5.586294
9533,5.0823765
9534,8.277584
9535,16.798807
9536,3.8702488
9537,20.88479
9538,5.0823765
9539,-10.069153
9540,3.8702488
9541,26.248165
9542,104.68039
9543,3.8702488
9544,7.6491623
9545,1.4349612
9546,568.94604
9547,178.85133
9548,13.238768
9549,40.60168
9550,15.138711
9551,-3.225788
9552,40.60168
9553,9.1693325
9554,27.12249
9555,3.450306
9556,37.775993
9557,5.0823765
9558,10.55504
9559,83.08253
9560,165.45026
9561,115.79482
9562,108.780815
9563,27.964813
9564,510.5593
9565,67.2894
9566,6.557394
9567,252.20319
9568,51.863422
9569,6.2633343
9570,14.710517
9571,15.982411
9572,22.517485
9573,77.64923
9574,1.201332
9575,161.11427
9576,5.0823765
9577,5.0823765
9578,16.798807
9579,21.003708
9580,118.437256
9581,7.9883766
9582,6.798424
9583,-139.28825
9584,-4.614052
9585,3.8702488
9586,12.554253
9587,155.87334
9588,12.843231
9589,7.9883766
9590,-270.2279
9591,-126.986176
9592,15.399119
9593,54.892056
9594,-14.187283
9595,10.794846
9596,25.608135
9597,20.160107
9598,22.437815
9599,8.914717
9600,8.277584
9601,67.2894
9602,18.0306
9603,5.0823765
9604,9.620207
9605,-3.225788
9606,7.970581
9607,328.20306
9608,23.649944
9609,5.0823765
9610,9.200504
9611,7.7695236
9612,-0.80876553
9613,3.8702488
9614,5.0823765
9615,-37.800686
9616,14.35034
9617,7.702589
9618,682.60205
9619,8.277584
9620,7.9883766
9621,-125.13765
9622,20.671358
9623,11.804661
9624,51.261593
9625,59.948483
9626,7.9883766
9627,23.918102
9628,8.277584
9629,10.5551605
9630,9.200504
9631,7.6491623
9632,9.1693325
9633,3.0063286
9634,3.0063286
9635,20.314537
9636,19.181072
9637,11.765881
9638,3.8702488
9639,7.970581
9640,-49.59918
9641,7.6491623
9642,6.1016884
9643,1.3495864
9644,16.625183
9645,12.026638
9646,21.206022
9647,8.111393
9648,-35.257565
9649,5.0512047
9650,6.2633343
9651,10.5551605
9652,6.2633343
9653,28.712917
9654,109.610435
9655,3.8702488
9656,-24.735641
9657,5.586294
9658,146.11804
9659,-10.069153
9660,21.138048
9661,12.006975
9662,-9.420555
9663,4.4774227
9664,-10.069153
9665,-46.16512
9666,6.4370327
9667,6.5298843
9668,-46.16512
9669,7.9883766
9670,37.43364
9671,43.20644
9672,30.841623
9673,5.0823765
9674,250.29102
9675,-5.430645
9676,22.410238
9677,7.9883766
9678,-296.9721
9679,30.841623
9680,6.2175694
9681,67.2894
9682,55.441875
9683,65.66404
9684,12.006975
9685,9.807678
9686,368.52084
9687,22.517485
9688,7.6491623
9689,37.775993
9690,90.87019
9691,5.0823765
9692,37.94248
9693,21.079039
9694,6.798424
9695,14.521241
9696,14.710517
9697,5.0823765
9698,-14.187283
9699,-24.193623
9700,-14.187283
9701,-10.069153
9702,-10.069153
9703,5.0823765
9704,44.351032
9705,7.702589
9706,-0.110117055
9707,-3.9124985
9708,3.8702488
9709,12.843231
9710,-57.55724
9711,9.209578
9712,59.948483
9713,6.2633343
9714,10.794846
9715,5.0512047
9716,-1.935978
9717,9.342913
9718,-333.26834
9719,-3.4281006
9720,143.13649
9721,149.70233
9722,-98.48977
9723,31.947206
9724,21.537378
9725,-11.178528
9726,7.0654545
9727,47.56072
9728,86.12344
9729,-102.63371
9730,-10.069153
9731,171.10655
9732,51.863422
9733,21.138048
9734,73.51219
9735,-93.00812
9736,-11.178528
9737,26.981625
9738,65.66404
9739,12.63695
9740,-1.3456594
9741,14.901257
9742,9.200504
9743,10.421705
9744,9.1693325
9745,-3.0648308
9746,94.45404
9747,-4.2185173
9748,3.8702488
9749,908.2599
9750,49.283493
9751,236.42842
9752,13.238768
9753,7.9883766
9754,43.308865
9755,161.11427
9756,7.9883766
9757,12.006975
9758,10.55504
9759,47.730328
9760,-16.79419
9761,29.32717
9762,-14.187283
9763,14.901257
9764,10.421705
9765,12.843231
9766,3.8702488
9767,5.586294
9768,-14.187283
9769,153.13048
9770,7.0654545
9771,-18.240253
9772,9.342913
9773,9.342913
9774,77.64923
9775,5.0823765
9776,44.434116
9777,7.9883766
9778,29.32717
9779,2.2693481
9780,254.5661
9781,88.41602
9782,-24.937958
9783,3.8702488
9784,-36.353397
9785,101.81173
9786,10.794846
9787,40.648216
9788,9.342913
9789,-323.0168
9790,16.625183
9791,-28.185276
9792,5.586294
9793,5.0512047
9794,67.2894
9795,40.46458
9796,37.775993
9797,18.0306
9798,19.181072
9799,3.8702488
9800,65.66404
9801,40.259216
9802,6.2633343
9803,6.798424
9804,21.537378
9805,-153.70456
9806,134.60257
9807,48.74242
9808,5.0823765
9809,-5.6808777
9810,32.810524
9811,7.0654545
9812,3.8702488
9813,10.794846
9814,-31.416203
9815,-25.29494
9816,-10.069153
9817,3.8702488
9818,3.8702488
9819,6.5298843
9820,7.970581
9821,-2.1294956
9822,3.8702488
9823,3.8702488
9824,221.71043
9825,10.421705
9826,15.841731
9827,-1.2088376
9828,7.9883766
9829,21.138048
9830,-28.24123
9831,25.608135
9832,-19.913685
9833,23.571903
9834,49.452133
9835,-10.069153
9836,6.4370327
9837,18.340366
9838,50.42514
9839,7.9883766
9840,32.850513
9841,7.970581
9842,8.750494
9843,19.181072
9844,10.381462
9845,44.434116
9846,5.873722
9847,8.138128
9848,5.586294
9849,6.4370327
9850,20.640186
9851,7.9883766
9852,178.48343
9853,59.948483
9854,120.1763
9855,7.702589
9856,967.17615
9857,-628.0165
9858,-32.18394
9859,5.0823765
9860,27.964813
9861,6.798424
9862,24.100306
9863,7.9883766
9864,9.342913
9865,-14.187283
9866,-528.58356
9867,12.006975
9868,6.798424
9869,47.39895
9870,115.79482
9871,-39.154972
9872,-10.069153
9873,3.8702488
9874,199.23137
9875,115.79482
9876,22.517485
9877,25.621
9878,37.775993
9879,19.181072
9880,9.1693325
9881,7.9883766
9882,29.592266
9883,-11.178528
9884,709.1371
9885,5.0823765
9886,-0.72385037
9887,48.74242
9888,10.381462
9889,67.2894
9890,16.35084
9891,8.369341
9892,-11.178528
9893,100.511795
9894,39.113876
9895,59.948483
9896,71.05401
9897,5.0823765
9898,5.586294
9899,8.277584
9900,22.418152
9901,12.006975
9902,37.775993
9903,3.8702488
9904,9.200504
9905,16.798807
9906,22.437815
9907,8.277584
9908,3.8702488
9909,447.17172
9910,7.9883766
9911,19.961596
9912,44.434116
9913,-36.199093
9914,-63.93501
9915,5.586294
9916,-26.120758
9917,13.238768
9918,9.1693325
9919,16.625183
9920,-10.069153
9921,6.2633343
9922,8.277584
9923,16.625183
9924,25.810297
9925,13.238768
9926,182.22098
9927,7.6491623
9928,51.863422
9929,18.39762
9930,3.8702488
9931,139.93607
9932,7.7695236
9933,37.94248
9934,5.586294
9935,22.418152
9936,80.02638
9937,25.312433
9938,15.555834
9939,11.017271
9940,6.798424
9941,45.633167
9942,14.35034
9943,365.14682
9944,59.948483
9945,24.920002
9946,19.181072
9947,115.12733
9948,-2960.3582
9949,27.964813
9950,20.88479
9951,5.586294
9952,3.8702488
9953,43.293755
9954,-1.9048063
9955,5.0823765
9956,11.765881
9957,7.9883766
9958,53.950615
9959,6.4370327
9960,67.2894
9961,29.32717
9962,5.0823765
9963,7.9883766
9964,24.920002
9965,219.03639
9966,169.83655
9967,37.775993
9968,-1.2088376
9969,44.67041
9970,-1.935978
9971,-14.187283
9972,-10.069153
9973,-18.903294
9974,3.8702488
9975,-28.3502
9976,95.65942
9977,14.35034
9978,109.54389
9979,24.453312
9980,393.86792
9981,59.948483
9982,-2.5560284
9983,29.32717
9984,9.1693325
9985,40.46458
9986,22.517485
9987,24.920002
9988,44.434116
9989,-2.297205
9990,-3.225788
9991,10.421705
9992,37.43364
9993,4.627556
9994,3.8702488
